Timestamp,Timestamp (s),File path,Sample number,Packet number,Size (B),Layers,Packet Information Summary,
2023-06-26 18:50:19.791694,1687805419.791694,./automated_PCAP_logs_USRP/enb_mac_1.pcap,1,0,147,user_dlt udp mac-lte,"SystemInformationBlockType1",
2023-06-26 18:50:19.798903,1687805419.798903,./automated_PCAP_logs_USRP/enb_mac_1.pcap,1,1,75,user_dlt udp mac-lte,"SystemInformation [ SIB2 SIB3 ]",
2023-06-26 18:50:19.815298,1687805419.815298,./automated_PCAP_logs_USRP/enb_mac_1.pcap,1,2,75,user_dlt udp mac-lte,"SystemInformation [ SIB2 SIB3 ]",
2023-06-26 18:50:19.824710,1687805419.82471,./automated_PCAP_logs_USRP/enb_mac_1.pcap,1,3,147,user_dlt udp mac-lte,"SystemInformationBlockType1",
2023-06-26 18:50:19.857787,1687805419.857787,./automated_PCAP_logs_USRP/enb_mac_1.pcap,1,4,147,user_dlt udp mac-lte,"SystemInformationBlockType1",
2023-06-26 18:50:19.890888,1687805419.890888,./automated_PCAP_logs_USRP/enb_mac_1.pcap,1,5,147,user_dlt udp mac-lte,"SystemInformationBlockType1",
2023-06-26 18:50:19.924478,1687805419.924478,./automated_PCAP_logs_USRP/enb_mac_1.pcap,1,6,147,user_dlt udp mac-lte,"SystemInformationBlockType1",
2023-06-26 18:50:19.955376,1687805419.955376,./automated_PCAP_logs_USRP/enb_mac_1.pcap,1,7,147,user_dlt udp mac-lte,"SystemInformationBlockType1",
2023-06-26 18:50:19.978650,1687805419.97865,./automated_PCAP_logs_USRP/enb_mac_1.pcap,1,8,147,user_dlt udp mac-lte,"SystemInformationBlockType1",
2023-06-26 18:50:20.003972,1687805420.003972,./automated_PCAP_logs_USRP/enb_mac_1.pcap,1,9,147,user_dlt udp mac-lte,"SystemInformationBlockType1",
2023-06-26 18:50:20.029258,1687805420.029258,./automated_PCAP_logs_USRP/enb_mac_1.pcap,1,10,147,user_dlt udp mac-lte,"SystemInformationBlockType1",
2023-06-26 18:50:20.034245,1687805420.034245,./automated_PCAP_logs_USRP/enb_mac_1.pcap,1,11,75,user_dlt udp mac-lte,"SystemInformation [ SIB2 SIB3 ]",
2023-06-26 18:50:20.046970,1687805420.04697,./automated_PCAP_logs_USRP/enb_mac_1.pcap,1,12,75,user_dlt udp mac-lte,"SystemInformation [ SIB2 SIB3 ]",
2023-06-26 18:50:20.054651,1687805420.054651,./automated_PCAP_logs_USRP/enb_mac_1.pcap,1,13,147,user_dlt udp mac-lte,"SystemInformationBlockType1",
2023-06-26 18:50:20.080039,1687805420.080039,./automated_PCAP_logs_USRP/enb_mac_1.pcap,1,14,147,user_dlt udp mac-lte,"SystemInformationBlockType1",
2023-06-26 18:50:20.105896,1687805420.105896,./automated_PCAP_logs_USRP/enb_mac_1.pcap,1,15,147,user_dlt udp mac-lte,"SystemInformationBlockType1",
2023-06-26 18:50:20.131515,1687805420.131515,./automated_PCAP_logs_USRP/enb_mac_1.pcap,1,16,147,user_dlt udp mac-lte,"SystemInformationBlockType1",
2023-06-26 18:50:20.156913,1687805420.156913,./automated_PCAP_logs_USRP/enb_mac_1.pcap,1,17,147,user_dlt udp mac-lte,"SystemInformationBlockType1",
2023-06-26 18:50:20.182667,1687805420.182667,./automated_PCAP_logs_USRP/enb_mac_1.pcap,1,18,147,user_dlt udp mac-lte,"SystemInformationBlockType1",
2023-06-26 18:50:20.208471,1687805420.208471,./automated_PCAP_logs_USRP/enb_mac_1.pcap,1,19,147,user_dlt udp mac-lte,"SystemInformationBlockType1",
2023-06-26 18:50:20.233906,1687805420.233906,./automated_PCAP_logs_USRP/enb_mac_1.pcap,1,20,147,user_dlt udp mac-lte,"SystemInformationBlockType1",
2023-06-26 18:50:20.238957,1687805420.238957,./automated_PCAP_logs_USRP/enb_mac_1.pcap,1,21,75,user_dlt udp mac-lte,"SystemInformation [ SIB2 SIB3 ]",
2023-06-26 18:50:20.251662,1687805420.251662,./automated_PCAP_logs_USRP/enb_mac_1.pcap,1,22,75,user_dlt udp mac-lte,"SystemInformation [ SIB2 SIB3 ]",
2023-06-26 18:50:20.259105,1687805420.259105,./automated_PCAP_logs_USRP/enb_mac_1.pcap,1,23,147,user_dlt udp mac-lte,"SystemInformationBlockType1",
2023-06-26 18:50:20.260335,1687805420.260335,./automated_PCAP_logs_USRP/enb_mac_1.pcap,1,24,42,user_dlt udp mac-lte,"RAR (RA-RNTI=2, SFN=34  , SF=6) (RAPID=15: TA=0, UL-Grant=52236, Temp C-RNTI=70) ",
2023-06-26 18:50:20.271533,1687805420.271533,./automated_PCAP_logs_USRP/enb_mac_1.pcap,1,25,41,user_dlt udp mac-lte fake-field-wrapper,"RRCConnectionRequest",
2023-06-26 18:50:20.274961,1687805420.274961,./automated_PCAP_logs_USRP/enb_mac_1.pcap,1,26,66,user_dlt udp mac-lte fake-field-wrapper,"RRCConnectionSetup",
2023-06-26 18:50:20.281726,1687805420.281726,./automated_PCAP_logs_USRP/enb_mac_1.pcap,1,27,147,user_dlt udp mac-lte,"SystemInformationBlockType1",
2023-06-26 18:50:20.305473,1687805420.305473,./automated_PCAP_logs_USRP/enb_mac_1.pcap,1,28,147,user_dlt udp mac-lte,"SystemInformationBlockType1",
2023-06-26 18:50:20.314195,1687805420.314195,./automated_PCAP_logs_USRP/enb_mac_1.pcap,1,29,191,user_dlt udp mac-lte fake-field-wrapper,"RRCConnectionSetupComplete, Attach request, PDN connectivity request",
2023-06-26 18:50:20.314911,1687805420.314911,./automated_PCAP_logs_USRP/enb_mac_1.pcap,1,30,41,user_dlt udp mac-lte fake-field-wrapper," [DL] [AM] SRB:1  [CONTROL]  ACK_SN=1   ",
2023-06-26 18:50:20.317194,1687805420.317194,./automated_PCAP_logs_USRP/enb_mac_1.pcap,1,31,52,user_dlt udp mac-lte fake-field-wrapper,"SecurityModeCommand",
2023-06-26 18:50:20.328819,1687805420.328819,./automated_PCAP_logs_USRP/enb_mac_1.pcap,1,32,147,user_dlt udp mac-lte,"SystemInformationBlockType1",
2023-06-26 18:50:20.337898,1687805420.337898,./automated_PCAP_logs_USRP/enb_mac_1.pcap,1,33,551,user_dlt udp mac-lte fake-field-wrapper," [UL] [AM] SRB:1  [CONTROL]  ACK_SN=1      ||   , SecurityModeComplete",
2023-06-26 18:50:20.338838,1687805420.338838,./automated_PCAP_logs_USRP/enb_mac_1.pcap,1,34,41,user_dlt udp mac-lte fake-field-wrapper," [DL] [AM] SRB:1  [CONTROL]  ACK_SN=2   ",
2023-06-26 18:50:20.340017,1687805420.340017,./automated_PCAP_logs_USRP/enb_mac_1.pcap,1,35,52,user_dlt udp mac-lte fake-field-wrapper,"UECapabilityEnquiry",
2023-06-26 18:50:20.352955,1687805420.352955,./automated_PCAP_logs_USRP/enb_mac_1.pcap,1,36,147,user_dlt udp mac-lte,"SystemInformationBlockType1",
2023-06-26 18:50:20.361821,1687805420.361821,./automated_PCAP_logs_USRP/enb_mac_1.pcap,1,37,551,user_dlt udp mac-lte fake-field-wrapper," [UL] [AM] SRB:1  [CONTROL]  ACK_SN=2      ||   , UECapabilityInformation",
2023-06-26 18:50:20.362742,1687805420.362742,./automated_PCAP_logs_USRP/enb_mac_1.pcap,1,38,41,user_dlt udp mac-lte fake-field-wrapper," [DL] [AM] SRB:1  [CONTROL]  ACK_SN=3   ",
2023-06-26 18:50:20.365275,1687805420.365275,./automated_PCAP_logs_USRP/enb_mac_1.pcap,1,39,155,user_dlt udp mac-lte fake-field-wrapper,"RRCConnectionReconfiguration, Attach accept, Activate default EPS bearer context request",
2023-06-26 18:50:20.377659,1687805420.377659,./automated_PCAP_logs_USRP/enb_mac_1.pcap,1,40,147,user_dlt udp mac-lte,"SystemInformationBlockType1",
2023-06-26 18:50:20.407371,1687805420.407371,./automated_PCAP_logs_USRP/enb_mac_1.pcap,1,41,147,user_dlt udp mac-lte,"SystemInformationBlockType1",
2023-06-26 18:50:20.416052,1687805420.416052,./automated_PCAP_logs_USRP/enb_mac_1.pcap,1,42,551,user_dlt udp mac-lte fake-field-wrapper," [UL] [AM] SRB:1  [CONTROL]  ACK_SN=3      ||   , ULInformationTransfer, Attach complete, Activate default EPS bearer context accept",
2023-06-26 18:50:20.417098,1687805420.417098,./automated_PCAP_logs_USRP/enb_mac_1.pcap,1,43,41,user_dlt udp mac-lte fake-field-wrapper," [DL] [AM] SRB:1  [CONTROL]  ACK_SN=4   ",
2023-06-26 18:50:20.418310,1687805420.41831,./automated_PCAP_logs_USRP/enb_mac_1.pcap,1,44,41,user_dlt udp mac-lte fake-field-wrapper," [DL] [AM] SRB:2  [CONTROL]  ACK_SN=1   ",
2023-06-26 18:50:20.431497,1687805420.431497,./automated_PCAP_logs_USRP/enb_mac_1.pcap,1,45,147,user_dlt udp mac-lte,"SystemInformationBlockType1",
2023-06-26 18:50:20.436017,1687805420.436017,./automated_PCAP_logs_USRP/enb_mac_1.pcap,1,46,75,user_dlt udp mac-lte,"SystemInformation [ SIB2 SIB3 ]",
2023-06-26 18:50:20.448507,1687805420.448507,./automated_PCAP_logs_USRP/enb_mac_1.pcap,1,47,75,user_dlt udp mac-lte,"SystemInformation [ SIB2 SIB3 ]",
2023-06-26 18:50:20.455663,1687805420.455663,./automated_PCAP_logs_USRP/enb_mac_1.pcap,1,48,147,user_dlt udp mac-lte,"SystemInformationBlockType1",
2023-06-26 18:50:20.479640,1687805420.47964,./automated_PCAP_logs_USRP/enb_mac_1.pcap,1,49,147,user_dlt udp mac-lte,"SystemInformationBlockType1",
2023-06-26 18:50:20.503015,1687805420.503015,./automated_PCAP_logs_USRP/enb_mac_1.pcap,1,50,147,user_dlt udp mac-lte,"SystemInformationBlockType1",
2023-06-26 18:50:20.526646,1687805420.526646,./automated_PCAP_logs_USRP/enb_mac_1.pcap,1,51,147,user_dlt udp mac-lte,"SystemInformationBlockType1",
2023-06-26 18:50:20.549837,1687805420.549837,./automated_PCAP_logs_USRP/enb_mac_1.pcap,1,52,147,user_dlt udp mac-lte,"SystemInformationBlockType1",
2023-06-26 18:50:20.565166,1687805420.565166,./automated_PCAP_logs_USRP/enb_mac_1.pcap,1,53,107,user_dlt udp mac-lte fake-field-wrapper,"DLInformationTransfer, EMM information",
2023-06-26 18:50:20.574335,1687805420.574335,./automated_PCAP_logs_USRP/enb_mac_1.pcap,1,54,147,user_dlt udp mac-lte,"SystemInformationBlockType1",
2023-06-26 18:50:20.597745,1687805420.597745,./automated_PCAP_logs_USRP/enb_mac_1.pcap,1,55,147,user_dlt udp mac-lte,"SystemInformationBlockType1",
2023-06-26 18:50:20.606497,1687805420.606497,./automated_PCAP_logs_USRP/enb_mac_1.pcap,1,56,551,user_dlt udp mac-lte fake-field-wrapper," [UL] [AM] SRB:2  [CONTROL]  ACK_SN=1   ",
2023-06-26 18:50:20.622192,1687805420.622192,./automated_PCAP_logs_USRP/enb_mac_1.pcap,1,57,147,user_dlt udp mac-lte,"SystemInformationBlockType1",
2023-06-26 18:50:20.626647,1687805420.626647,./automated_PCAP_logs_USRP/enb_mac_1.pcap,1,58,75,user_dlt udp mac-lte,"SystemInformation [ SIB2 SIB3 ]",
2023-06-26 18:50:20.638714,1687805420.638714,./automated_PCAP_logs_USRP/enb_mac_1.pcap,1,59,75,user_dlt udp mac-lte,"SystemInformation [ SIB2 SIB3 ]",
2023-06-26 18:50:20.645784,1687805420.645784,./automated_PCAP_logs_USRP/enb_mac_1.pcap,1,60,147,user_dlt udp mac-lte,"SystemInformationBlockType1",
2023-06-26 18:50:20.669918,1687805420.669918,./automated_PCAP_logs_USRP/enb_mac_1.pcap,1,61,147,user_dlt udp mac-lte,"SystemInformationBlockType1",
2023-06-26 18:50:20.693225,1687805420.693225,./automated_PCAP_logs_USRP/enb_mac_1.pcap,1,62,147,user_dlt udp mac-lte,"SystemInformationBlockType1",
2023-06-26 18:50:20.717251,1687805420.717251,./automated_PCAP_logs_USRP/enb_mac_1.pcap,1,63,147,user_dlt udp mac-lte,"SystemInformationBlockType1",
2023-06-26 18:50:20.740541,1687805420.740541,./automated_PCAP_logs_USRP/enb_mac_1.pcap,1,64,147,user_dlt udp mac-lte,"SystemInformationBlockType1",
2023-06-26 18:50:20.764227,1687805420.764227,./automated_PCAP_logs_USRP/enb_mac_1.pcap,1,65,147,user_dlt udp mac-lte,"SystemInformationBlockType1",
2023-06-26 18:50:20.787375,1687805420.787375,./automated_PCAP_logs_USRP/enb_mac_1.pcap,1,66,147,user_dlt udp mac-lte,"SystemInformationBlockType1",
2023-06-26 18:50:20.811098,1687805420.811098,./automated_PCAP_logs_USRP/enb_mac_1.pcap,1,67,147,user_dlt udp mac-lte,"SystemInformationBlockType1",
2023-06-26 18:50:20.815549,1687805420.815549,./automated_PCAP_logs_USRP/enb_mac_1.pcap,1,68,75,user_dlt udp mac-lte,"SystemInformation [ SIB2 SIB3 ]",
2023-06-26 18:50:20.827677,1687805420.827677,./automated_PCAP_logs_USRP/enb_mac_1.pcap,1,69,75,user_dlt udp mac-lte,"SystemInformation [ SIB2 SIB3 ]",
2023-06-26 18:50:20.834615,1687805420.834615,./automated_PCAP_logs_USRP/enb_mac_1.pcap,1,70,147,user_dlt udp mac-lte,"SystemInformationBlockType1",
2023-06-26 18:50:20.858428,1687805420.858428,./automated_PCAP_logs_USRP/enb_mac_1.pcap,1,71,147,user_dlt udp mac-lte,"SystemInformationBlockType1",
2023-06-26 18:50:20.881463,1687805420.881463,./automated_PCAP_logs_USRP/enb_mac_1.pcap,1,72,147,user_dlt udp mac-lte,"SystemInformationBlockType1",
2023-06-26 18:50:20.905163,1687805420.905163,./automated_PCAP_logs_USRP/enb_mac_1.pcap,1,73,147,user_dlt udp mac-lte,"SystemInformationBlockType1",
2023-06-26 18:50:20.928447,1687805420.928447,./automated_PCAP_logs_USRP/enb_mac_1.pcap,1,74,147,user_dlt udp mac-lte,"SystemInformationBlockType1",
2023-06-26 18:50:20.952290,1687805420.95229,./automated_PCAP_logs_USRP/enb_mac_1.pcap,1,75,147,user_dlt udp mac-lte,"SystemInformationBlockType1",
2023-06-26 18:50:20.975428,1687805420.975428,./automated_PCAP_logs_USRP/enb_mac_1.pcap,1,76,147,user_dlt udp mac-lte,"SystemInformationBlockType1",
2023-06-26 18:50:20.999363,1687805420.999363,./automated_PCAP_logs_USRP/enb_mac_1.pcap,1,77,147,user_dlt udp mac-lte,"SystemInformationBlockType1",
2023-06-26 18:50:21.003775,1687805421.003775,./automated_PCAP_logs_USRP/enb_mac_1.pcap,1,78,75,user_dlt udp mac-lte,"SystemInformation [ SIB2 SIB3 ]",
2023-06-26 18:50:21.015773,1687805421.015773,./automated_PCAP_logs_USRP/enb_mac_1.pcap,1,79,75,user_dlt udp mac-lte,"SystemInformation [ SIB2 SIB3 ]",
2023-06-26 18:50:21.022778,1687805421.022778,./automated_PCAP_logs_USRP/enb_mac_1.pcap,1,80,147,user_dlt udp mac-lte,"SystemInformationBlockType1",
2023-06-26 18:50:21.046441,1687805421.046441,./automated_PCAP_logs_USRP/enb_mac_1.pcap,1,81,147,user_dlt udp mac-lte,"SystemInformationBlockType1",
2023-06-26 18:50:21.069568,1687805421.069568,./automated_PCAP_logs_USRP/enb_mac_1.pcap,1,82,147,user_dlt udp mac-lte,"SystemInformationBlockType1",
2023-06-26 18:50:21.094119,1687805421.094119,./automated_PCAP_logs_USRP/enb_mac_1.pcap,1,83,147,user_dlt udp mac-lte,"SystemInformationBlockType1",
2023-06-26 18:50:21.117776,1687805421.117776,./automated_PCAP_logs_USRP/enb_mac_1.pcap,1,84,147,user_dlt udp mac-lte,"SystemInformationBlockType1",
2023-06-26 18:50:21.141824,1687805421.141824,./automated_PCAP_logs_USRP/enb_mac_1.pcap,1,85,147,user_dlt udp mac-lte,"SystemInformationBlockType1",
2023-06-26 18:50:21.165274,1687805421.165274,./automated_PCAP_logs_USRP/enb_mac_1.pcap,1,86,147,user_dlt udp mac-lte,"SystemInformationBlockType1",
2023-06-26 18:50:21.189305,1687805421.189305,./automated_PCAP_logs_USRP/enb_mac_1.pcap,1,87,147,user_dlt udp mac-lte,"SystemInformationBlockType1",
2023-06-26 18:50:21.193725,1687805421.193725,./automated_PCAP_logs_USRP/enb_mac_1.pcap,1,88,75,user_dlt udp mac-lte,"SystemInformation [ SIB2 SIB3 ]",
2023-06-26 18:50:21.205869,1687805421.205869,./automated_PCAP_logs_USRP/enb_mac_1.pcap,1,89,75,user_dlt udp mac-lte,"SystemInformation [ SIB2 SIB3 ]",
2023-06-26 18:50:21.212943,1687805421.212943,./automated_PCAP_logs_USRP/enb_mac_1.pcap,1,90,147,user_dlt udp mac-lte,"SystemInformationBlockType1",
2023-06-26 18:50:21.237189,1687805421.237189,./automated_PCAP_logs_USRP/enb_mac_1.pcap,1,91,147,user_dlt udp mac-lte,"SystemInformationBlockType1",
2023-06-26 18:50:21.260530,1687805421.26053,./automated_PCAP_logs_USRP/enb_mac_1.pcap,1,92,147,user_dlt udp mac-lte,"SystemInformationBlockType1",
2023-06-26 18:50:21.284238,1687805421.284238,./automated_PCAP_logs_USRP/enb_mac_1.pcap,1,93,147,user_dlt udp mac-lte,"SystemInformationBlockType1",
2023-06-26 18:50:21.307443,1687805421.307443,./automated_PCAP_logs_USRP/enb_mac_1.pcap,1,94,147,user_dlt udp mac-lte,"SystemInformationBlockType1",
2023-06-26 18:50:21.331265,1687805421.331265,./automated_PCAP_logs_USRP/enb_mac_1.pcap,1,95,147,user_dlt udp mac-lte,"SystemInformationBlockType1",
2023-06-26 18:50:21.354481,1687805421.354481,./automated_PCAP_logs_USRP/enb_mac_1.pcap,1,96,147,user_dlt udp mac-lte,"SystemInformationBlockType1",
2023-06-26 18:50:21.378198,1687805421.378198,./automated_PCAP_logs_USRP/enb_mac_1.pcap,1,97,147,user_dlt udp mac-lte,"SystemInformationBlockType1",
2023-06-26 18:50:21.382635,1687805421.382635,./automated_PCAP_logs_USRP/enb_mac_1.pcap,1,98,75,user_dlt udp mac-lte,"SystemInformation [ SIB2 SIB3 ]",
2023-06-26 18:50:21.394907,1687805421.394907,./automated_PCAP_logs_USRP/enb_mac_1.pcap,1,99,75,user_dlt udp mac-lte,"SystemInformation [ SIB2 SIB3 ]",
2023-06-26 18:50:21.401953,1687805421.401953,./automated_PCAP_logs_USRP/enb_mac_1.pcap,1,100,147,user_dlt udp mac-lte,"SystemInformationBlockType1",
2023-06-26 18:50:21.425915,1687805421.425915,./automated_PCAP_logs_USRP/enb_mac_1.pcap,1,101,147,user_dlt udp mac-lte,"SystemInformationBlockType1",
2023-06-26 18:50:21.449113,1687805421.449113,./automated_PCAP_logs_USRP/enb_mac_1.pcap,1,102,147,user_dlt udp mac-lte,"SystemInformationBlockType1",
2023-06-26 18:50:21.472858,1687805421.472858,./automated_PCAP_logs_USRP/enb_mac_1.pcap,1,103,147,user_dlt udp mac-lte,"SystemInformationBlockType1",
2023-06-26 18:50:21.496061,1687805421.496061,./automated_PCAP_logs_USRP/enb_mac_1.pcap,1,104,147,user_dlt udp mac-lte,"SystemInformationBlockType1",
2023-06-26 18:50:21.519971,1687805421.519971,./automated_PCAP_logs_USRP/enb_mac_1.pcap,1,105,147,user_dlt udp mac-lte,"SystemInformationBlockType1",
2023-06-26 18:50:21.543162,1687805421.543162,./automated_PCAP_logs_USRP/enb_mac_1.pcap,1,106,147,user_dlt udp mac-lte,"SystemInformationBlockType1",
2023-06-26 18:50:21.567233,1687805421.567233,./automated_PCAP_logs_USRP/enb_mac_1.pcap,1,107,147,user_dlt udp mac-lte,"SystemInformationBlockType1",
2023-06-26 18:50:21.571598,1687805421.571598,./automated_PCAP_logs_USRP/enb_mac_1.pcap,1,108,75,user_dlt udp mac-lte,"SystemInformation [ SIB2 SIB3 ]",
2023-06-26 18:50:21.584146,1687805421.584146,./automated_PCAP_logs_USRP/enb_mac_1.pcap,1,109,75,user_dlt udp mac-lte,"SystemInformation [ SIB2 SIB3 ]",
2023-06-26 18:50:21.591316,1687805421.591316,./automated_PCAP_logs_USRP/enb_mac_1.pcap,1,110,147,user_dlt udp mac-lte,"SystemInformationBlockType1",
2023-06-26 18:50:21.615166,1687805421.615166,./automated_PCAP_logs_USRP/enb_mac_1.pcap,1,111,147,user_dlt udp mac-lte,"SystemInformationBlockType1",
2023-06-26 18:50:21.638655,1687805421.638655,./automated_PCAP_logs_USRP/enb_mac_1.pcap,1,112,147,user_dlt udp mac-lte,"SystemInformationBlockType1",
2023-06-26 18:50:21.662839,1687805421.662839,./automated_PCAP_logs_USRP/enb_mac_1.pcap,1,113,147,user_dlt udp mac-lte,"SystemInformationBlockType1",
2023-06-26 18:50:21.686940,1687805421.68694,./automated_PCAP_logs_USRP/enb_mac_1.pcap,1,114,147,user_dlt udp mac-lte,"SystemInformationBlockType1",
2023-06-26 18:50:21.711571,1687805421.711571,./automated_PCAP_logs_USRP/enb_mac_1.pcap,1,115,147,user_dlt udp mac-lte,"SystemInformationBlockType1",
2023-06-26 18:50:21.735634,1687805421.735634,./automated_PCAP_logs_USRP/enb_mac_1.pcap,1,116,147,user_dlt udp mac-lte,"SystemInformationBlockType1",
2023-06-26 18:50:21.760084,1687805421.760084,./automated_PCAP_logs_USRP/enb_mac_1.pcap,1,117,147,user_dlt udp mac-lte,"SystemInformationBlockType1",
2023-06-26 18:50:21.764563,1687805421.764563,./automated_PCAP_logs_USRP/enb_mac_1.pcap,1,118,75,user_dlt udp mac-lte,"SystemInformation [ SIB2 SIB3 ]",
2023-06-26 18:50:21.777035,1687805421.777035,./automated_PCAP_logs_USRP/enb_mac_1.pcap,1,119,75,user_dlt udp mac-lte,"SystemInformation [ SIB2 SIB3 ]",
2023-06-26 18:50:21.784156,1687805421.784156,./automated_PCAP_logs_USRP/enb_mac_1.pcap,1,120,147,user_dlt udp mac-lte,"SystemInformationBlockType1",
2023-06-26 18:50:21.808678,1687805421.808678,./automated_PCAP_logs_USRP/enb_mac_1.pcap,1,121,147,user_dlt udp mac-lte,"SystemInformationBlockType1",
2023-06-26 18:50:21.817262,1687805421.817262,./automated_PCAP_logs_USRP/enb_mac_1.pcap,1,122,551,user_dlt udp mac-lte fake-field-wrapper,"ULInformationTransfer, Detach request (EPS detach / switch-off)",
2023-06-26 18:50:21.818336,1687805421.818336,./automated_PCAP_logs_USRP/enb_mac_1.pcap,1,123,41,user_dlt udp mac-lte fake-field-wrapper," [DL] [AM] SRB:2  [CONTROL]  ACK_SN=2   ",
2023-06-26 18:50:21.821018,1687805421.821018,./automated_PCAP_logs_USRP/enb_mac_1.pcap,1,124,52,user_dlt udp mac-lte fake-field-wrapper,"RRCConnectionRelease [cause=other]",
2023-06-26 18:50:21.833143,1687805421.833143,./automated_PCAP_logs_USRP/enb_mac_1.pcap,1,125,147,user_dlt udp mac-lte,"SystemInformationBlockType1",
2023-06-26 18:50:21.841759,1687805421.841759,./automated_PCAP_logs_USRP/enb_mac_1.pcap,1,126,551,user_dlt udp mac-lte fake-field-wrapper," [UL] [AM] SRB:1  [CONTROL]  ACK_SN=4   ",
2023-06-26 18:50:21.857406,1687805421.857406,./automated_PCAP_logs_USRP/enb_mac_1.pcap,1,127,147,user_dlt udp mac-lte,"SystemInformationBlockType1",
2023-06-26 18:50:21.880960,1687805421.88096,./automated_PCAP_logs_USRP/enb_mac_1.pcap,1,128,147,user_dlt udp mac-lte,"SystemInformationBlockType1",
2023-06-26 18:50:21.904615,1687805421.904615,./automated_PCAP_logs_USRP/enb_mac_1.pcap,1,129,147,user_dlt udp mac-lte,"SystemInformationBlockType1",
2023-06-26 18:50:21.928954,1687805421.928954,./automated_PCAP_logs_USRP/enb_mac_1.pcap,1,130,147,user_dlt udp mac-lte,"SystemInformationBlockType1",
2023-06-26 18:50:21.952578,1687805421.952578,./automated_PCAP_logs_USRP/enb_mac_1.pcap,1,131,147,user_dlt udp mac-lte,"SystemInformationBlockType1",
2023-06-26 18:50:21.957202,1687805421.957202,./automated_PCAP_logs_USRP/enb_mac_1.pcap,1,132,75,user_dlt udp mac-lte,"SystemInformation [ SIB2 SIB3 ]",
2023-06-26 18:50:21.969046,1687805421.969046,./automated_PCAP_logs_USRP/enb_mac_1.pcap,1,133,75,user_dlt udp mac-lte,"SystemInformation [ SIB2 SIB3 ]",
2023-06-26 18:50:21.976152,1687805421.976152,./automated_PCAP_logs_USRP/enb_mac_1.pcap,1,134,147,user_dlt udp mac-lte,"SystemInformationBlockType1",
2023-06-26 18:50:21.999701,1687805421.999701,./automated_PCAP_logs_USRP/enb_mac_1.pcap,1,135,147,user_dlt udp mac-lte,"SystemInformationBlockType1",
2023-06-26 18:50:22.023035,1687805422.023035,./automated_PCAP_logs_USRP/enb_mac_1.pcap,1,136,147,user_dlt udp mac-lte,"SystemInformationBlockType1",
2023-06-26 18:50:22.047264,1687805422.047264,./automated_PCAP_logs_USRP/enb_mac_1.pcap,1,137,147,user_dlt udp mac-lte,"SystemInformationBlockType1",
2023-06-26 18:50:22.071274,1687805422.071274,./automated_PCAP_logs_USRP/enb_mac_1.pcap,1,138,147,user_dlt udp mac-lte,"SystemInformationBlockType1",
2023-06-26 18:50:22.095248,1687805422.095248,./automated_PCAP_logs_USRP/enb_mac_1.pcap,1,139,147,user_dlt udp mac-lte,"SystemInformationBlockType1",
2023-06-26 18:50:22.119058,1687805422.119058,./automated_PCAP_logs_USRP/enb_mac_1.pcap,1,140,147,user_dlt udp mac-lte,"SystemInformationBlockType1",
2023-06-26 18:50:22.143048,1687805422.143048,./automated_PCAP_logs_USRP/enb_mac_1.pcap,1,141,147,user_dlt udp mac-lte,"SystemInformationBlockType1",
2023-06-26 18:50:22.147653,1687805422.147653,./automated_PCAP_logs_USRP/enb_mac_1.pcap,1,142,75,user_dlt udp mac-lte,"SystemInformation [ SIB2 SIB3 ]",
2023-06-26 18:50:22.159681,1687805422.159681,./automated_PCAP_logs_USRP/enb_mac_1.pcap,1,143,75,user_dlt udp mac-lte,"SystemInformation [ SIB2 SIB3 ]",
2023-06-26 18:50:22.166702,1687805422.166702,./automated_PCAP_logs_USRP/enb_mac_1.pcap,1,144,147,user_dlt udp mac-lte,"SystemInformationBlockType1",
2023-06-26 18:50:22.190185,1687805422.190185,./automated_PCAP_logs_USRP/enb_mac_1.pcap,1,145,147,user_dlt udp mac-lte,"SystemInformationBlockType1",
2023-06-26 18:50:22.213914,1687805422.213914,./automated_PCAP_logs_USRP/enb_mac_1.pcap,1,146,147,user_dlt udp mac-lte,"SystemInformationBlockType1",
2023-06-26 18:50:22.237585,1687805422.237585,./automated_PCAP_logs_USRP/enb_mac_1.pcap,1,147,147,user_dlt udp mac-lte,"SystemInformationBlockType1",
2023-06-26 18:50:22.261239,1687805422.261239,./automated_PCAP_logs_USRP/enb_mac_1.pcap,1,148,147,user_dlt udp mac-lte,"SystemInformationBlockType1",
2023-06-26 18:50:22.284979,1687805422.284979,./automated_PCAP_logs_USRP/enb_mac_1.pcap,1,149,147,user_dlt udp mac-lte,"SystemInformationBlockType1",
2023-06-26 18:50:22.308592,1687805422.308592,./automated_PCAP_logs_USRP/enb_mac_1.pcap,1,150,147,user_dlt udp mac-lte,"SystemInformationBlockType1",
2023-06-26 18:50:22.332351,1687805422.332351,./automated_PCAP_logs_USRP/enb_mac_1.pcap,1,151,147,user_dlt udp mac-lte,"SystemInformationBlockType1",
2023-06-26 18:50:22.337021,1687805422.337021,./automated_PCAP_logs_USRP/enb_mac_1.pcap,1,152,75,user_dlt udp mac-lte,"SystemInformation [ SIB2 SIB3 ]",
2023-06-26 18:50:22.348904,1687805422.348904,./automated_PCAP_logs_USRP/enb_mac_1.pcap,1,153,75,user_dlt udp mac-lte,"SystemInformation [ SIB2 SIB3 ]",
2023-06-26 18:50:22.355897,1687805422.355897,./automated_PCAP_logs_USRP/enb_mac_1.pcap,1,154,147,user_dlt udp mac-lte,"SystemInformationBlockType1",
2023-06-26 18:50:22.380019,1687805422.380019,./automated_PCAP_logs_USRP/enb_mac_1.pcap,1,155,147,user_dlt udp mac-lte,"SystemInformationBlockType1",
2023-06-26 18:50:22.404131,1687805422.404131,./automated_PCAP_logs_USRP/enb_mac_1.pcap,1,156,147,user_dlt udp mac-lte,"SystemInformationBlockType1",
2023-06-26 18:50:22.428057,1687805422.428057,./automated_PCAP_logs_USRP/enb_mac_1.pcap,1,157,147,user_dlt udp mac-lte,"SystemInformationBlockType1",
2023-06-26 18:50:22.451685,1687805422.451685,./automated_PCAP_logs_USRP/enb_mac_1.pcap,1,158,147,user_dlt udp mac-lte,"SystemInformationBlockType1",
2023-06-26 18:50:22.475672,1687805422.475672,./automated_PCAP_logs_USRP/enb_mac_1.pcap,1,159,147,user_dlt udp mac-lte,"SystemInformationBlockType1",
2023-06-26 18:50:22.499296,1687805422.499296,./automated_PCAP_logs_USRP/enb_mac_1.pcap,1,160,147,user_dlt udp mac-lte,"SystemInformationBlockType1",
2023-06-26 18:50:22.523045,1687805422.523045,./automated_PCAP_logs_USRP/enb_mac_1.pcap,1,161,147,user_dlt udp mac-lte,"SystemInformationBlockType1",
2023-06-26 18:50:22.527726,1687805422.527726,./automated_PCAP_logs_USRP/enb_mac_1.pcap,1,162,75,user_dlt udp mac-lte,"SystemInformation [ SIB2 SIB3 ]",
2023-06-26 18:50:22.539522,1687805422.539522,./automated_PCAP_logs_USRP/enb_mac_1.pcap,1,163,75,user_dlt udp mac-lte,"SystemInformation [ SIB2 SIB3 ]",
2023-06-26 18:50:22.546607,1687805422.546607,./automated_PCAP_logs_USRP/enb_mac_1.pcap,1,164,147,user_dlt udp mac-lte,"SystemInformationBlockType1",
2023-06-26 18:50:22.570188,1687805422.570188,./automated_PCAP_logs_USRP/enb_mac_1.pcap,1,165,147,user_dlt udp mac-lte,"SystemInformationBlockType1",
2023-06-26 18:50:22.594349,1687805422.594349,./automated_PCAP_logs_USRP/enb_mac_1.pcap,1,166,147,user_dlt udp mac-lte,"SystemInformationBlockType1",
2023-06-26 18:50:22.618055,1687805422.618055,./automated_PCAP_logs_USRP/enb_mac_1.pcap,1,167,147,user_dlt udp mac-lte,"SystemInformationBlockType1",
2023-06-26 18:50:22.641764,1687805422.641764,./automated_PCAP_logs_USRP/enb_mac_1.pcap,1,168,147,user_dlt udp mac-lte,"SystemInformationBlockType1",
2023-06-26 18:50:22.665637,1687805422.665637,./automated_PCAP_logs_USRP/enb_mac_1.pcap,1,169,147,user_dlt udp mac-lte,"SystemInformationBlockType1",
2023-06-26 18:50:22.689366,1687805422.689366,./automated_PCAP_logs_USRP/enb_mac_1.pcap,1,170,147,user_dlt udp mac-lte,"SystemInformationBlockType1",
2023-06-26 18:50:22.713007,1687805422.713007,./automated_PCAP_logs_USRP/enb_mac_1.pcap,1,171,147,user_dlt udp mac-lte,"SystemInformationBlockType1",
2023-06-26 18:50:22.717781,1687805422.717781,./automated_PCAP_logs_USRP/enb_mac_1.pcap,1,172,75,user_dlt udp mac-lte,"SystemInformation [ SIB2 SIB3 ]",
2023-06-26 18:50:22.729597,1687805422.729597,./automated_PCAP_logs_USRP/enb_mac_1.pcap,1,173,75,user_dlt udp mac-lte,"SystemInformation [ SIB2 SIB3 ]",
2023-06-26 18:50:22.736619,1687805422.736619,./automated_PCAP_logs_USRP/enb_mac_1.pcap,1,174,147,user_dlt udp mac-lte,"SystemInformationBlockType1",
2023-06-26 18:50:22.760349,1687805422.760349,./automated_PCAP_logs_USRP/enb_mac_1.pcap,1,175,147,user_dlt udp mac-lte,"SystemInformationBlockType1",
2023-06-26 18:50:22.784062,1687805422.784062,./automated_PCAP_logs_USRP/enb_mac_1.pcap,1,176,147,user_dlt udp mac-lte,"SystemInformationBlockType1",
2023-06-26 18:50:22.808014,1687805422.808014,./automated_PCAP_logs_USRP/enb_mac_1.pcap,1,177,147,user_dlt udp mac-lte,"SystemInformationBlockType1",
2023-06-26 18:50:22.831827,1687805422.831827,./automated_PCAP_logs_USRP/enb_mac_1.pcap,1,178,147,user_dlt udp mac-lte,"SystemInformationBlockType1",
2023-06-26 18:50:22.855680,1687805422.85568,./automated_PCAP_logs_USRP/enb_mac_1.pcap,1,179,147,user_dlt udp mac-lte,"SystemInformationBlockType1",
2023-06-26 18:50:22.879407,1687805422.879407,./automated_PCAP_logs_USRP/enb_mac_1.pcap,1,180,147,user_dlt udp mac-lte,"SystemInformationBlockType1",
2023-06-26 18:50:22.903196,1687805422.903196,./automated_PCAP_logs_USRP/enb_mac_1.pcap,1,181,147,user_dlt udp mac-lte,"SystemInformationBlockType1",
2023-06-26 18:50:22.907967,1687805422.907967,./automated_PCAP_logs_USRP/enb_mac_1.pcap,1,182,75,user_dlt udp mac-lte,"SystemInformation [ SIB2 SIB3 ]",
2023-06-26 18:50:22.919914,1687805422.919914,./automated_PCAP_logs_USRP/enb_mac_1.pcap,1,183,75,user_dlt udp mac-lte,"SystemInformation [ SIB2 SIB3 ]",
2023-06-26 18:50:22.926942,1687805422.926942,./automated_PCAP_logs_USRP/enb_mac_1.pcap,1,184,147,user_dlt udp mac-lte,"SystemInformationBlockType1",
2023-06-26 18:50:22.950438,1687805422.950438,./automated_PCAP_logs_USRP/enb_mac_1.pcap,1,185,147,user_dlt udp mac-lte,"SystemInformationBlockType1",
2023-06-26 18:50:22.974013,1687805422.974013,./automated_PCAP_logs_USRP/enb_mac_1.pcap,1,186,147,user_dlt udp mac-lte,"SystemInformationBlockType1",
2023-06-26 18:50:22.997661,1687805422.997661,./automated_PCAP_logs_USRP/enb_mac_1.pcap,1,187,147,user_dlt udp mac-lte,"SystemInformationBlockType1",
2023-06-26 18:50:23.021486,1687805423.021486,./automated_PCAP_logs_USRP/enb_mac_1.pcap,1,188,147,user_dlt udp mac-lte,"SystemInformationBlockType1",
2023-06-26 18:50:23.045433,1687805423.045433,./automated_PCAP_logs_USRP/enb_mac_1.pcap,1,189,147,user_dlt udp mac-lte,"SystemInformationBlockType1",
2023-06-26 18:50:23.069132,1687805423.069132,./automated_PCAP_logs_USRP/enb_mac_1.pcap,1,190,147,user_dlt udp mac-lte,"SystemInformationBlockType1",
2023-06-26 18:50:23.093675,1687805423.093675,./automated_PCAP_logs_USRP/enb_mac_1.pcap,1,191,147,user_dlt udp mac-lte,"SystemInformationBlockType1",
2023-06-26 18:50:23.098254,1687805423.098254,./automated_PCAP_logs_USRP/enb_mac_1.pcap,1,192,75,user_dlt udp mac-lte,"SystemInformation [ SIB2 SIB3 ]",
2023-06-26 18:50:23.110298,1687805423.110298,./automated_PCAP_logs_USRP/enb_mac_1.pcap,1,193,75,user_dlt udp mac-lte,"SystemInformation [ SIB2 SIB3 ]",
2023-06-26 18:50:23.117461,1687805423.117461,./automated_PCAP_logs_USRP/enb_mac_1.pcap,1,194,147,user_dlt udp mac-lte,"SystemInformationBlockType1",
2023-06-26 18:50:23.141102,1687805423.141102,./automated_PCAP_logs_USRP/enb_mac_1.pcap,1,195,147,user_dlt udp mac-lte,"SystemInformationBlockType1",
2023-06-26 18:50:23.164711,1687805423.164711,./automated_PCAP_logs_USRP/enb_mac_1.pcap,1,196,147,user_dlt udp mac-lte,"SystemInformationBlockType1",
2023-06-26 18:50:23.188474,1687805423.188474,./automated_PCAP_logs_USRP/enb_mac_1.pcap,1,197,147,user_dlt udp mac-lte,"SystemInformationBlockType1",
2023-06-26 18:50:23.212307,1687805423.212307,./automated_PCAP_logs_USRP/enb_mac_1.pcap,1,198,147,user_dlt udp mac-lte,"SystemInformationBlockType1",
2023-06-26 18:50:23.235772,1687805423.235772,./automated_PCAP_logs_USRP/enb_mac_1.pcap,1,199,147,user_dlt udp mac-lte,"SystemInformationBlockType1",
2023-06-26 18:50:23.259669,1687805423.259669,./automated_PCAP_logs_USRP/enb_mac_1.pcap,1,200,147,user_dlt udp mac-lte,"SystemInformationBlockType1",
2023-06-26 18:50:23.283351,1687805423.283351,./automated_PCAP_logs_USRP/enb_mac_1.pcap,1,201,147,user_dlt udp mac-lte,"SystemInformationBlockType1",
2023-06-26 18:50:23.287983,1687805423.287983,./automated_PCAP_logs_USRP/enb_mac_1.pcap,1,202,75,user_dlt udp mac-lte,"SystemInformation [ SIB2 SIB3 ]",
2023-06-26 18:50:23.299890,1687805423.29989,./automated_PCAP_logs_USRP/enb_mac_1.pcap,1,203,75,user_dlt udp mac-lte,"SystemInformation [ SIB2 SIB3 ]",
2023-06-26 18:50:23.307054,1687805423.307054,./automated_PCAP_logs_USRP/enb_mac_1.pcap,1,204,147,user_dlt udp mac-lte,"SystemInformationBlockType1",
2023-06-26 18:50:23.330624,1687805423.330624,./automated_PCAP_logs_USRP/enb_mac_1.pcap,1,205,147,user_dlt udp mac-lte,"SystemInformationBlockType1",
2023-06-26 18:50:23.354202,1687805423.354202,./automated_PCAP_logs_USRP/enb_mac_1.pcap,1,206,147,user_dlt udp mac-lte,"SystemInformationBlockType1",
2023-06-26 18:50:23.377849,1687805423.377849,./automated_PCAP_logs_USRP/enb_mac_1.pcap,1,207,147,user_dlt udp mac-lte,"SystemInformationBlockType1",
2023-06-26 18:50:23.401414,1687805423.401414,./automated_PCAP_logs_USRP/enb_mac_1.pcap,1,208,147,user_dlt udp mac-lte,"SystemInformationBlockType1",
2023-06-26 18:50:23.424990,1687805423.42499,./automated_PCAP_logs_USRP/enb_mac_1.pcap,1,209,147,user_dlt udp mac-lte,"SystemInformationBlockType1",
2023-06-26 18:50:37.573226,1687805437.573226,./automated_PCAP_logs_USRP/enb_mac_2.pcap,2,0,147,user_dlt udp mac-lte,"SystemInformationBlockType1",
2023-06-26 18:50:37.580704,1687805437.580704,./automated_PCAP_logs_USRP/enb_mac_2.pcap,2,1,75,user_dlt udp mac-lte,"SystemInformation [ SIB2 SIB3 ]",
2023-06-26 18:50:37.596968,1687805437.596968,./automated_PCAP_logs_USRP/enb_mac_2.pcap,2,2,75,user_dlt udp mac-lte,"SystemInformation [ SIB2 SIB3 ]",
2023-06-26 18:50:37.606389,1687805437.606389,./automated_PCAP_logs_USRP/enb_mac_2.pcap,2,3,147,user_dlt udp mac-lte,"SystemInformationBlockType1",
2023-06-26 18:50:37.639908,1687805437.639908,./automated_PCAP_logs_USRP/enb_mac_2.pcap,2,4,147,user_dlt udp mac-lte,"SystemInformationBlockType1",
2023-06-26 18:50:37.674136,1687805437.674136,./automated_PCAP_logs_USRP/enb_mac_2.pcap,2,5,147,user_dlt udp mac-lte,"SystemInformationBlockType1",
2023-06-26 18:50:37.708326,1687805437.708326,./automated_PCAP_logs_USRP/enb_mac_2.pcap,2,6,147,user_dlt udp mac-lte,"SystemInformationBlockType1",
2023-06-26 18:50:37.739502,1687805437.739502,./automated_PCAP_logs_USRP/enb_mac_2.pcap,2,7,147,user_dlt udp mac-lte,"SystemInformationBlockType1",
2023-06-26 18:50:37.762551,1687805437.762551,./automated_PCAP_logs_USRP/enb_mac_2.pcap,2,8,147,user_dlt udp mac-lte,"SystemInformationBlockType1",
2023-06-26 18:50:37.789195,1687805437.789195,./automated_PCAP_logs_USRP/enb_mac_2.pcap,2,9,147,user_dlt udp mac-lte,"SystemInformationBlockType1",
2023-06-26 18:50:37.814572,1687805437.814572,./automated_PCAP_logs_USRP/enb_mac_2.pcap,2,10,147,user_dlt udp mac-lte,"SystemInformationBlockType1",
2023-06-26 18:50:37.819583,1687805437.819583,./automated_PCAP_logs_USRP/enb_mac_2.pcap,2,11,75,user_dlt udp mac-lte,"SystemInformation [ SIB2 SIB3 ]",
2023-06-26 18:50:37.832429,1687805437.832429,./automated_PCAP_logs_USRP/enb_mac_2.pcap,2,12,75,user_dlt udp mac-lte,"SystemInformation [ SIB2 SIB3 ]",
2023-06-26 18:50:37.840188,1687805437.840188,./automated_PCAP_logs_USRP/enb_mac_2.pcap,2,13,147,user_dlt udp mac-lte,"SystemInformationBlockType1",
2023-06-26 18:50:37.865004,1687805437.865004,./automated_PCAP_logs_USRP/enb_mac_2.pcap,2,14,147,user_dlt udp mac-lte,"SystemInformationBlockType1",
2023-06-26 18:50:37.890610,1687805437.89061,./automated_PCAP_logs_USRP/enb_mac_2.pcap,2,15,147,user_dlt udp mac-lte,"SystemInformationBlockType1",
2023-06-26 18:50:37.915910,1687805437.91591,./automated_PCAP_logs_USRP/enb_mac_2.pcap,2,16,147,user_dlt udp mac-lte,"SystemInformationBlockType1",
2023-06-26 18:50:37.941035,1687805437.941035,./automated_PCAP_logs_USRP/enb_mac_2.pcap,2,17,147,user_dlt udp mac-lte,"SystemInformationBlockType1",
2023-06-26 18:50:37.966242,1687805437.966242,./automated_PCAP_logs_USRP/enb_mac_2.pcap,2,18,147,user_dlt udp mac-lte,"SystemInformationBlockType1",
2023-06-26 18:50:37.991192,1687805437.991192,./automated_PCAP_logs_USRP/enb_mac_2.pcap,2,19,147,user_dlt udp mac-lte,"SystemInformationBlockType1",
2023-06-26 18:50:38.016271,1687805438.016271,./automated_PCAP_logs_USRP/enb_mac_2.pcap,2,20,147,user_dlt udp mac-lte,"SystemInformationBlockType1",
2023-06-26 18:50:38.021185,1687805438.021185,./automated_PCAP_logs_USRP/enb_mac_2.pcap,2,21,75,user_dlt udp mac-lte,"SystemInformation [ SIB2 SIB3 ]",
2023-06-26 18:50:38.033742,1687805438.033742,./automated_PCAP_logs_USRP/enb_mac_2.pcap,2,22,75,user_dlt udp mac-lte,"SystemInformation [ SIB2 SIB3 ]",
2023-06-26 18:50:38.041215,1687805438.041215,./automated_PCAP_logs_USRP/enb_mac_2.pcap,2,23,147,user_dlt udp mac-lte,"SystemInformationBlockType1",
2023-06-26 18:50:38.042332,1687805438.042332,./automated_PCAP_logs_USRP/enb_mac_2.pcap,2,24,42,user_dlt udp mac-lte,"RAR (RA-RNTI=2, SFN=34  , SF=6) (RAPID=27: TA=0, UL-Grant=52236, Temp C-RNTI=70) ",
2023-06-26 18:50:38.053901,1687805438.053901,./automated_PCAP_logs_USRP/enb_mac_2.pcap,2,25,41,user_dlt udp mac-lte fake-field-wrapper,"RRCConnectionRequest",
2023-06-26 18:50:38.057190,1687805438.05719,./automated_PCAP_logs_USRP/enb_mac_2.pcap,2,26,66,user_dlt udp mac-lte fake-field-wrapper,"RRCConnectionSetup",
2023-06-26 18:50:38.064044,1687805438.064044,./automated_PCAP_logs_USRP/enb_mac_2.pcap,2,27,147,user_dlt udp mac-lte,"SystemInformationBlockType1",
2023-06-26 18:50:38.086940,1687805438.08694,./automated_PCAP_logs_USRP/enb_mac_2.pcap,2,28,147,user_dlt udp mac-lte,"SystemInformationBlockType1",
2023-06-26 18:50:38.095970,1687805438.09597,./automated_PCAP_logs_USRP/enb_mac_2.pcap,2,29,191,user_dlt udp mac-lte fake-field-wrapper,"RRCConnectionSetupComplete, Attach request, PDN connectivity request",
2023-06-26 18:50:38.096741,1687805438.096741,./automated_PCAP_logs_USRP/enb_mac_2.pcap,2,30,41,user_dlt udp mac-lte fake-field-wrapper," [DL] [AM] SRB:1  [CONTROL]  ACK_SN=1   ",
2023-06-26 18:50:38.099155,1687805438.099155,./automated_PCAP_logs_USRP/enb_mac_2.pcap,2,31,52,user_dlt udp mac-lte fake-field-wrapper,"SecurityModeCommand",
2023-06-26 18:50:38.110799,1687805438.110799,./automated_PCAP_logs_USRP/enb_mac_2.pcap,2,32,147,user_dlt udp mac-lte,"SystemInformationBlockType1",
2023-06-26 18:50:38.119790,1687805438.11979,./automated_PCAP_logs_USRP/enb_mac_2.pcap,2,33,551,user_dlt udp mac-lte fake-field-wrapper," [UL] [AM] SRB:1  [CONTROL]  ACK_SN=1      ||   , SecurityModeComplete",
2023-06-26 18:50:38.120785,1687805438.120785,./automated_PCAP_logs_USRP/enb_mac_2.pcap,2,34,56,user_dlt udp mac-lte fake-field-wrapper," [DL] [AM] SRB:1  [CONTROL]  ACK_SN=2      ||   , UECapabilityEnquiry",
2023-06-26 18:50:38.134614,1687805438.134614,./automated_PCAP_logs_USRP/enb_mac_2.pcap,2,35,147,user_dlt udp mac-lte,"SystemInformationBlockType1",
2023-06-26 18:50:38.143473,1687805438.143473,./automated_PCAP_logs_USRP/enb_mac_2.pcap,2,36,551,user_dlt udp mac-lte fake-field-wrapper," [UL] [AM] SRB:1  [CONTROL]  ACK_SN=2      ||   , UECapabilityInformation",
2023-06-26 18:50:38.144532,1687805438.144532,./automated_PCAP_logs_USRP/enb_mac_2.pcap,2,37,41,user_dlt udp mac-lte fake-field-wrapper," [DL] [AM] SRB:1  [CONTROL]  ACK_SN=3   ",
2023-06-26 18:50:38.146910,1687805438.14691,./automated_PCAP_logs_USRP/enb_mac_2.pcap,2,38,155,user_dlt udp mac-lte fake-field-wrapper,"RRCConnectionReconfiguration, Attach accept, Activate default EPS bearer context request",
2023-06-26 18:50:38.158958,1687805438.158958,./automated_PCAP_logs_USRP/enb_mac_2.pcap,2,39,147,user_dlt udp mac-lte,"SystemInformationBlockType1",
2023-06-26 18:50:38.189418,1687805438.189418,./automated_PCAP_logs_USRP/enb_mac_2.pcap,2,40,147,user_dlt udp mac-lte,"SystemInformationBlockType1",
2023-06-26 18:50:38.198245,1687805438.198245,./automated_PCAP_logs_USRP/enb_mac_2.pcap,2,41,551,user_dlt udp mac-lte fake-field-wrapper," [UL] [AM] SRB:1  [CONTROL]  ACK_SN=3      ||   , ULInformationTransfer, Attach complete, Activate default EPS bearer context accept",
2023-06-26 18:50:38.199271,1687805438.199271,./automated_PCAP_logs_USRP/enb_mac_2.pcap,2,42,52,user_dlt udp mac-lte fake-field-wrapper," [DL] [AM] SRB:1  [CONTROL]  ACK_SN=4      ||    [DL] [AM] SRB:2  [CONTROL]  ACK_SN=1   ",
2023-06-26 18:50:38.213619,1687805438.213619,./automated_PCAP_logs_USRP/enb_mac_2.pcap,2,43,147,user_dlt udp mac-lte,"SystemInformationBlockType1",
2023-06-26 18:50:38.218036,1687805438.218036,./automated_PCAP_logs_USRP/enb_mac_2.pcap,2,44,75,user_dlt udp mac-lte,"SystemInformation [ SIB2 SIB3 ]",
2023-06-26 18:50:38.230155,1687805438.230155,./automated_PCAP_logs_USRP/enb_mac_2.pcap,2,45,75,user_dlt udp mac-lte,"SystemInformation [ SIB2 SIB3 ]",
2023-06-26 18:50:38.237153,1687805438.237153,./automated_PCAP_logs_USRP/enb_mac_2.pcap,2,46,147,user_dlt udp mac-lte,"SystemInformationBlockType1",
2023-06-26 18:50:38.261021,1687805438.261021,./automated_PCAP_logs_USRP/enb_mac_2.pcap,2,47,147,user_dlt udp mac-lte,"SystemInformationBlockType1",
2023-06-26 18:50:38.285082,1687805438.285082,./automated_PCAP_logs_USRP/enb_mac_2.pcap,2,48,147,user_dlt udp mac-lte,"SystemInformationBlockType1",
2023-06-26 18:50:38.309675,1687805438.309675,./automated_PCAP_logs_USRP/enb_mac_2.pcap,2,49,147,user_dlt udp mac-lte,"SystemInformationBlockType1",
2023-06-26 18:50:38.333770,1687805438.33377,./automated_PCAP_logs_USRP/enb_mac_2.pcap,2,50,147,user_dlt udp mac-lte,"SystemInformationBlockType1",
2023-06-26 18:50:38.348567,1687805438.348567,./automated_PCAP_logs_USRP/enb_mac_2.pcap,2,51,107,user_dlt udp mac-lte fake-field-wrapper,"DLInformationTransfer, EMM information",
2023-06-26 18:50:38.358699,1687805438.358699,./automated_PCAP_logs_USRP/enb_mac_2.pcap,2,52,147,user_dlt udp mac-lte,"SystemInformationBlockType1",
2023-06-26 18:50:38.382770,1687805438.38277,./automated_PCAP_logs_USRP/enb_mac_2.pcap,2,53,147,user_dlt udp mac-lte,"SystemInformationBlockType1",
2023-06-26 18:50:38.391742,1687805438.391742,./automated_PCAP_logs_USRP/enb_mac_2.pcap,2,54,551,user_dlt udp mac-lte fake-field-wrapper," [UL] [AM] SRB:2  [CONTROL]  ACK_SN=1   ",
2023-06-26 18:50:38.407193,1687805438.407193,./automated_PCAP_logs_USRP/enb_mac_2.pcap,2,55,147,user_dlt udp mac-lte,"SystemInformationBlockType1",
2023-06-26 18:50:38.411796,1687805438.411796,./automated_PCAP_logs_USRP/enb_mac_2.pcap,2,56,75,user_dlt udp mac-lte,"SystemInformation [ SIB2 SIB3 ]",
2023-06-26 18:50:38.424205,1687805438.424205,./automated_PCAP_logs_USRP/enb_mac_2.pcap,2,57,75,user_dlt udp mac-lte,"SystemInformation [ SIB2 SIB3 ]",
2023-06-26 18:50:38.431243,1687805438.431243,./automated_PCAP_logs_USRP/enb_mac_2.pcap,2,58,147,user_dlt udp mac-lte,"SystemInformationBlockType1",
2023-06-26 18:50:38.455999,1687805438.455999,./automated_PCAP_logs_USRP/enb_mac_2.pcap,2,59,147,user_dlt udp mac-lte,"SystemInformationBlockType1",
2023-06-26 18:50:38.480097,1687805438.480097,./automated_PCAP_logs_USRP/enb_mac_2.pcap,2,60,147,user_dlt udp mac-lte,"SystemInformationBlockType1",
2023-06-26 18:50:38.504604,1687805438.504604,./automated_PCAP_logs_USRP/enb_mac_2.pcap,2,61,147,user_dlt udp mac-lte,"SystemInformationBlockType1",
2023-06-26 18:50:38.528782,1687805438.528782,./automated_PCAP_logs_USRP/enb_mac_2.pcap,2,62,147,user_dlt udp mac-lte,"SystemInformationBlockType1",
2023-06-26 18:50:38.553401,1687805438.553401,./automated_PCAP_logs_USRP/enb_mac_2.pcap,2,63,147,user_dlt udp mac-lte,"SystemInformationBlockType1",
2023-06-26 18:50:38.577538,1687805438.577538,./automated_PCAP_logs_USRP/enb_mac_2.pcap,2,64,147,user_dlt udp mac-lte,"SystemInformationBlockType1",
2023-06-26 18:50:38.602049,1687805438.602049,./automated_PCAP_logs_USRP/enb_mac_2.pcap,2,65,147,user_dlt udp mac-lte,"SystemInformationBlockType1",
2023-06-26 18:50:38.606644,1687805438.606644,./automated_PCAP_logs_USRP/enb_mac_2.pcap,2,66,75,user_dlt udp mac-lte,"SystemInformation [ SIB2 SIB3 ]",
2023-06-26 18:50:38.619025,1687805438.619025,./automated_PCAP_logs_USRP/enb_mac_2.pcap,2,67,75,user_dlt udp mac-lte,"SystemInformation [ SIB2 SIB3 ]",
2023-06-26 18:50:38.626132,1687805438.626132,./automated_PCAP_logs_USRP/enb_mac_2.pcap,2,68,147,user_dlt udp mac-lte,"SystemInformationBlockType1",
2023-06-26 18:50:38.650725,1687805438.650725,./automated_PCAP_logs_USRP/enb_mac_2.pcap,2,69,147,user_dlt udp mac-lte,"SystemInformationBlockType1",
2023-06-26 18:50:38.674671,1687805438.674671,./automated_PCAP_logs_USRP/enb_mac_2.pcap,2,70,147,user_dlt udp mac-lte,"SystemInformationBlockType1",
2023-06-26 18:50:38.699265,1687805438.699265,./automated_PCAP_logs_USRP/enb_mac_2.pcap,2,71,147,user_dlt udp mac-lte,"SystemInformationBlockType1",
2023-06-26 18:50:38.723467,1687805438.723467,./automated_PCAP_logs_USRP/enb_mac_2.pcap,2,72,147,user_dlt udp mac-lte,"SystemInformationBlockType1",
2023-06-26 18:50:38.747859,1687805438.747859,./automated_PCAP_logs_USRP/enb_mac_2.pcap,2,73,147,user_dlt udp mac-lte,"SystemInformationBlockType1",
2023-06-26 18:50:38.771926,1687805438.771926,./automated_PCAP_logs_USRP/enb_mac_2.pcap,2,74,147,user_dlt udp mac-lte,"SystemInformationBlockType1",
2023-06-26 18:50:38.796524,1687805438.796524,./automated_PCAP_logs_USRP/enb_mac_2.pcap,2,75,147,user_dlt udp mac-lte,"SystemInformationBlockType1",
2023-06-26 18:50:38.801129,1687805438.801129,./automated_PCAP_logs_USRP/enb_mac_2.pcap,2,76,75,user_dlt udp mac-lte,"SystemInformation [ SIB2 SIB3 ]",
2023-06-26 18:50:38.813458,1687805438.813458,./automated_PCAP_logs_USRP/enb_mac_2.pcap,2,77,75,user_dlt udp mac-lte,"SystemInformation [ SIB2 SIB3 ]",
2023-06-26 18:50:38.820550,1687805438.82055,./automated_PCAP_logs_USRP/enb_mac_2.pcap,2,78,147,user_dlt udp mac-lte,"SystemInformationBlockType1",
2023-06-26 18:50:38.845190,1687805438.84519,./automated_PCAP_logs_USRP/enb_mac_2.pcap,2,79,147,user_dlt udp mac-lte,"SystemInformationBlockType1",
2023-06-26 18:50:38.869252,1687805438.869252,./automated_PCAP_logs_USRP/enb_mac_2.pcap,2,80,147,user_dlt udp mac-lte,"SystemInformationBlockType1",
2023-06-26 18:50:38.893857,1687805438.893857,./automated_PCAP_logs_USRP/enb_mac_2.pcap,2,81,147,user_dlt udp mac-lte,"SystemInformationBlockType1",
2023-06-26 18:50:38.917899,1687805438.917899,./automated_PCAP_logs_USRP/enb_mac_2.pcap,2,82,147,user_dlt udp mac-lte,"SystemInformationBlockType1",
2023-06-26 18:50:38.942496,1687805438.942496,./automated_PCAP_logs_USRP/enb_mac_2.pcap,2,83,147,user_dlt udp mac-lte,"SystemInformationBlockType1",
2023-06-26 18:50:38.966568,1687805438.966568,./automated_PCAP_logs_USRP/enb_mac_2.pcap,2,84,147,user_dlt udp mac-lte,"SystemInformationBlockType1",
2023-06-26 18:50:38.991284,1687805438.991284,./automated_PCAP_logs_USRP/enb_mac_2.pcap,2,85,147,user_dlt udp mac-lte,"SystemInformationBlockType1",
2023-06-26 18:50:38.995925,1687805438.995925,./automated_PCAP_logs_USRP/enb_mac_2.pcap,2,86,75,user_dlt udp mac-lte,"SystemInformation [ SIB2 SIB3 ]",
2023-06-26 18:50:39.008129,1687805439.008129,./automated_PCAP_logs_USRP/enb_mac_2.pcap,2,87,75,user_dlt udp mac-lte,"SystemInformation [ SIB2 SIB3 ]",
2023-06-26 18:50:39.015294,1687805439.015294,./automated_PCAP_logs_USRP/enb_mac_2.pcap,2,88,147,user_dlt udp mac-lte,"SystemInformationBlockType1",
2023-06-26 18:50:39.039055,1687805439.039055,./automated_PCAP_logs_USRP/enb_mac_2.pcap,2,89,147,user_dlt udp mac-lte,"SystemInformationBlockType1",
2023-06-26 18:50:39.062458,1687805439.062458,./automated_PCAP_logs_USRP/enb_mac_2.pcap,2,90,147,user_dlt udp mac-lte,"SystemInformationBlockType1",
2023-06-26 18:50:39.087217,1687805439.087217,./automated_PCAP_logs_USRP/enb_mac_2.pcap,2,91,147,user_dlt udp mac-lte,"SystemInformationBlockType1",
2023-06-26 18:50:39.110684,1687805439.110684,./automated_PCAP_logs_USRP/enb_mac_2.pcap,2,92,147,user_dlt udp mac-lte,"SystemInformationBlockType1",
2023-06-26 18:50:39.134392,1687805439.134392,./automated_PCAP_logs_USRP/enb_mac_2.pcap,2,93,147,user_dlt udp mac-lte,"SystemInformationBlockType1",
2023-06-26 18:50:39.158355,1687805439.158355,./automated_PCAP_logs_USRP/enb_mac_2.pcap,2,94,147,user_dlt udp mac-lte,"SystemInformationBlockType1",
2023-06-26 18:50:39.183055,1687805439.183055,./automated_PCAP_logs_USRP/enb_mac_2.pcap,2,95,147,user_dlt udp mac-lte,"SystemInformationBlockType1",
2023-06-26 18:50:39.187574,1687805439.187574,./automated_PCAP_logs_USRP/enb_mac_2.pcap,2,96,75,user_dlt udp mac-lte,"SystemInformation [ SIB2 SIB3 ]",
2023-06-26 18:50:39.199951,1687805439.199951,./automated_PCAP_logs_USRP/enb_mac_2.pcap,2,97,75,user_dlt udp mac-lte,"SystemInformation [ SIB2 SIB3 ]",
2023-06-26 18:50:39.207111,1687805439.207111,./automated_PCAP_logs_USRP/enb_mac_2.pcap,2,98,147,user_dlt udp mac-lte,"SystemInformationBlockType1",
2023-06-26 18:50:39.231998,1687805439.231998,./automated_PCAP_logs_USRP/enb_mac_2.pcap,2,99,147,user_dlt udp mac-lte,"SystemInformationBlockType1",
2023-06-26 18:50:39.256267,1687805439.256267,./automated_PCAP_logs_USRP/enb_mac_2.pcap,2,100,147,user_dlt udp mac-lte,"SystemInformationBlockType1",
2023-06-26 18:50:39.280941,1687805439.280941,./automated_PCAP_logs_USRP/enb_mac_2.pcap,2,101,147,user_dlt udp mac-lte,"SystemInformationBlockType1",
2023-06-26 18:50:39.305136,1687805439.305136,./automated_PCAP_logs_USRP/enb_mac_2.pcap,2,102,147,user_dlt udp mac-lte,"SystemInformationBlockType1",
2023-06-26 18:50:39.329819,1687805439.329819,./automated_PCAP_logs_USRP/enb_mac_2.pcap,2,103,147,user_dlt udp mac-lte,"SystemInformationBlockType1",
2023-06-26 18:50:39.354092,1687805439.354092,./automated_PCAP_logs_USRP/enb_mac_2.pcap,2,104,147,user_dlt udp mac-lte,"SystemInformationBlockType1",
2023-06-26 18:50:39.378824,1687805439.378824,./automated_PCAP_logs_USRP/enb_mac_2.pcap,2,105,147,user_dlt udp mac-lte,"SystemInformationBlockType1",
2023-06-26 18:50:39.383486,1687805439.383486,./automated_PCAP_logs_USRP/enb_mac_2.pcap,2,106,75,user_dlt udp mac-lte,"SystemInformation [ SIB2 SIB3 ]",
2023-06-26 18:50:39.395654,1687805439.395654,./automated_PCAP_logs_USRP/enb_mac_2.pcap,2,107,75,user_dlt udp mac-lte,"SystemInformation [ SIB2 SIB3 ]",
2023-06-26 18:50:39.402834,1687805439.402834,./automated_PCAP_logs_USRP/enb_mac_2.pcap,2,108,147,user_dlt udp mac-lte,"SystemInformationBlockType1",
2023-06-26 18:50:39.427550,1687805439.42755,./automated_PCAP_logs_USRP/enb_mac_2.pcap,2,109,147,user_dlt udp mac-lte,"SystemInformationBlockType1",
2023-06-26 18:50:39.451726,1687805439.451726,./automated_PCAP_logs_USRP/enb_mac_2.pcap,2,110,147,user_dlt udp mac-lte,"SystemInformationBlockType1",
2023-06-26 18:50:39.476484,1687805439.476484,./automated_PCAP_logs_USRP/enb_mac_2.pcap,2,111,147,user_dlt udp mac-lte,"SystemInformationBlockType1",
2023-06-26 18:50:39.500669,1687805439.500669,./automated_PCAP_logs_USRP/enb_mac_2.pcap,2,112,147,user_dlt udp mac-lte,"SystemInformationBlockType1",
2023-06-26 18:50:39.525343,1687805439.525343,./automated_PCAP_logs_USRP/enb_mac_2.pcap,2,113,147,user_dlt udp mac-lte,"SystemInformationBlockType1",
2023-06-26 18:50:39.549482,1687805439.549482,./automated_PCAP_logs_USRP/enb_mac_2.pcap,2,114,147,user_dlt udp mac-lte,"SystemInformationBlockType1",
2023-06-26 18:50:39.574817,1687805439.574817,./automated_PCAP_logs_USRP/enb_mac_2.pcap,2,115,147,user_dlt udp mac-lte,"SystemInformationBlockType1",
2023-06-26 18:50:39.579181,1687805439.579181,./automated_PCAP_logs_USRP/enb_mac_2.pcap,2,116,75,user_dlt udp mac-lte,"SystemInformation [ SIB2 SIB3 ]",
2023-06-26 18:50:39.583391,1687805439.583391,./automated_PCAP_logs_USRP/enb_mac_2.pcap,2,117,551,user_dlt udp mac-lte fake-field-wrapper,"ULInformationTransfer, Detach request (EPS detach / switch-off)",
2023-06-26 18:50:39.584350,1687805439.58435,./automated_PCAP_logs_USRP/enb_mac_2.pcap,2,118,41,user_dlt udp mac-lte fake-field-wrapper," [DL] [AM] SRB:2  [CONTROL]  ACK_SN=2   ",
2023-06-26 18:50:39.585501,1687805439.585501,./automated_PCAP_logs_USRP/enb_mac_2.pcap,2,119,52,user_dlt udp mac-lte fake-field-wrapper,"RRCConnectionRelease [cause=other]",
2023-06-26 18:50:39.591327,1687805439.591327,./automated_PCAP_logs_USRP/enb_mac_2.pcap,2,120,75,user_dlt udp mac-lte,"SystemInformation [ SIB2 SIB3 ]",
2023-06-26 18:50:39.598794,1687805439.598794,./automated_PCAP_logs_USRP/enb_mac_2.pcap,2,121,147,user_dlt udp mac-lte,"SystemInformationBlockType1",
2023-06-26 18:50:39.607513,1687805439.607513,./automated_PCAP_logs_USRP/enb_mac_2.pcap,2,122,551,user_dlt udp mac-lte fake-field-wrapper," [UL] [AM] SRB:1  [CONTROL]  ACK_SN=4   ",
2023-06-26 18:50:39.622725,1687805439.622725,./automated_PCAP_logs_USRP/enb_mac_2.pcap,2,123,147,user_dlt udp mac-lte,"SystemInformationBlockType1",
2023-06-26 18:50:39.646732,1687805439.646732,./automated_PCAP_logs_USRP/enb_mac_2.pcap,2,124,147,user_dlt udp mac-lte,"SystemInformationBlockType1",
2023-06-26 18:50:39.671646,1687805439.671646,./automated_PCAP_logs_USRP/enb_mac_2.pcap,2,125,147,user_dlt udp mac-lte,"SystemInformationBlockType1",
2023-06-26 18:50:39.694884,1687805439.694884,./automated_PCAP_logs_USRP/enb_mac_2.pcap,2,126,147,user_dlt udp mac-lte,"SystemInformationBlockType1",
2023-06-26 18:50:39.719031,1687805439.719031,./automated_PCAP_logs_USRP/enb_mac_2.pcap,2,127,147,user_dlt udp mac-lte,"SystemInformationBlockType1",
2023-06-26 18:50:39.743165,1687805439.743165,./automated_PCAP_logs_USRP/enb_mac_2.pcap,2,128,147,user_dlt udp mac-lte,"SystemInformationBlockType1",
2023-06-26 18:50:39.767304,1687805439.767304,./automated_PCAP_logs_USRP/enb_mac_2.pcap,2,129,147,user_dlt udp mac-lte,"SystemInformationBlockType1",
2023-06-26 18:50:39.772142,1687805439.772142,./automated_PCAP_logs_USRP/enb_mac_2.pcap,2,130,75,user_dlt udp mac-lte,"SystemInformation [ SIB2 SIB3 ]",
2023-06-26 18:50:39.784241,1687805439.784241,./automated_PCAP_logs_USRP/enb_mac_2.pcap,2,131,75,user_dlt udp mac-lte,"SystemInformation [ SIB2 SIB3 ]",
2023-06-26 18:50:39.791555,1687805439.791555,./automated_PCAP_logs_USRP/enb_mac_2.pcap,2,132,147,user_dlt udp mac-lte,"SystemInformationBlockType1",
2023-06-26 18:50:39.815791,1687805439.815791,./automated_PCAP_logs_USRP/enb_mac_2.pcap,2,133,147,user_dlt udp mac-lte,"SystemInformationBlockType1",
2023-06-26 18:50:39.839945,1687805439.839945,./automated_PCAP_logs_USRP/enb_mac_2.pcap,2,134,147,user_dlt udp mac-lte,"SystemInformationBlockType1",
2023-06-26 18:50:39.864199,1687805439.864199,./automated_PCAP_logs_USRP/enb_mac_2.pcap,2,135,147,user_dlt udp mac-lte,"SystemInformationBlockType1",
2023-06-26 18:50:39.887980,1687805439.88798,./automated_PCAP_logs_USRP/enb_mac_2.pcap,2,136,147,user_dlt udp mac-lte,"SystemInformationBlockType1",
2023-06-26 18:50:39.912092,1687805439.912092,./automated_PCAP_logs_USRP/enb_mac_2.pcap,2,137,147,user_dlt udp mac-lte,"SystemInformationBlockType1",
2023-06-26 18:50:39.936312,1687805439.936312,./automated_PCAP_logs_USRP/enb_mac_2.pcap,2,138,147,user_dlt udp mac-lte,"SystemInformationBlockType1",
2023-06-26 18:50:39.960360,1687805439.96036,./automated_PCAP_logs_USRP/enb_mac_2.pcap,2,139,147,user_dlt udp mac-lte,"SystemInformationBlockType1",
2023-06-26 18:50:39.964967,1687805439.964967,./automated_PCAP_logs_USRP/enb_mac_2.pcap,2,140,75,user_dlt udp mac-lte,"SystemInformation [ SIB2 SIB3 ]",
2023-06-26 18:50:39.976863,1687805439.976863,./automated_PCAP_logs_USRP/enb_mac_2.pcap,2,141,75,user_dlt udp mac-lte,"SystemInformation [ SIB2 SIB3 ]",
2023-06-26 18:50:39.984002,1687805439.984002,./automated_PCAP_logs_USRP/enb_mac_2.pcap,2,142,147,user_dlt udp mac-lte,"SystemInformationBlockType1",
2023-06-26 18:50:40.007935,1687805440.007935,./automated_PCAP_logs_USRP/enb_mac_2.pcap,2,143,147,user_dlt udp mac-lte,"SystemInformationBlockType1",
2023-06-26 18:50:40.032094,1687805440.032094,./automated_PCAP_logs_USRP/enb_mac_2.pcap,2,144,147,user_dlt udp mac-lte,"SystemInformationBlockType1",
2023-06-26 18:50:40.056308,1687805440.056308,./automated_PCAP_logs_USRP/enb_mac_2.pcap,2,145,147,user_dlt udp mac-lte,"SystemInformationBlockType1",
2023-06-26 18:50:40.081237,1687805440.081237,./automated_PCAP_logs_USRP/enb_mac_2.pcap,2,146,147,user_dlt udp mac-lte,"SystemInformationBlockType1",
2023-06-26 18:50:40.105169,1687805440.105169,./automated_PCAP_logs_USRP/enb_mac_2.pcap,2,147,147,user_dlt udp mac-lte,"SystemInformationBlockType1",
2023-06-26 18:50:40.129443,1687805440.129443,./automated_PCAP_logs_USRP/enb_mac_2.pcap,2,148,147,user_dlt udp mac-lte,"SystemInformationBlockType1",
2023-06-26 18:50:40.153688,1687805440.153688,./automated_PCAP_logs_USRP/enb_mac_2.pcap,2,149,147,user_dlt udp mac-lte,"SystemInformationBlockType1",
2023-06-26 18:50:40.158441,1687805440.158441,./automated_PCAP_logs_USRP/enb_mac_2.pcap,2,150,75,user_dlt udp mac-lte,"SystemInformation [ SIB2 SIB3 ]",
2023-06-26 18:50:40.170201,1687805440.170201,./automated_PCAP_logs_USRP/enb_mac_2.pcap,2,151,75,user_dlt udp mac-lte,"SystemInformation [ SIB2 SIB3 ]",
2023-06-26 18:50:40.177476,1687805440.177476,./automated_PCAP_logs_USRP/enb_mac_2.pcap,2,152,147,user_dlt udp mac-lte,"SystemInformationBlockType1",
2023-06-26 18:50:40.201809,1687805440.201809,./automated_PCAP_logs_USRP/enb_mac_2.pcap,2,153,147,user_dlt udp mac-lte,"SystemInformationBlockType1",
2023-06-26 18:50:40.226113,1687805440.226113,./automated_PCAP_logs_USRP/enb_mac_2.pcap,2,154,147,user_dlt udp mac-lte,"SystemInformationBlockType1",
2023-06-26 18:50:40.250403,1687805440.250403,./automated_PCAP_logs_USRP/enb_mac_2.pcap,2,155,147,user_dlt udp mac-lte,"SystemInformationBlockType1",
2023-06-26 18:50:40.274631,1687805440.274631,./automated_PCAP_logs_USRP/enb_mac_2.pcap,2,156,147,user_dlt udp mac-lte,"SystemInformationBlockType1",
2023-06-26 18:50:40.298780,1687805440.29878,./automated_PCAP_logs_USRP/enb_mac_2.pcap,2,157,147,user_dlt udp mac-lte,"SystemInformationBlockType1",
2023-06-26 18:50:40.323068,1687805440.323068,./automated_PCAP_logs_USRP/enb_mac_2.pcap,2,158,147,user_dlt udp mac-lte,"SystemInformationBlockType1",
2023-06-26 18:50:40.347104,1687805440.347104,./automated_PCAP_logs_USRP/enb_mac_2.pcap,2,159,147,user_dlt udp mac-lte,"SystemInformationBlockType1",
2023-06-26 18:50:40.351915,1687805440.351915,./automated_PCAP_logs_USRP/enb_mac_2.pcap,2,160,75,user_dlt udp mac-lte,"SystemInformation [ SIB2 SIB3 ]",
2023-06-26 18:50:40.363893,1687805440.363893,./automated_PCAP_logs_USRP/enb_mac_2.pcap,2,161,75,user_dlt udp mac-lte,"SystemInformation [ SIB2 SIB3 ]",
2023-06-26 18:50:40.371196,1687805440.371196,./automated_PCAP_logs_USRP/enb_mac_2.pcap,2,162,147,user_dlt udp mac-lte,"SystemInformationBlockType1",
2023-06-26 18:50:40.395341,1687805440.395341,./automated_PCAP_logs_USRP/enb_mac_2.pcap,2,163,147,user_dlt udp mac-lte,"SystemInformationBlockType1",
2023-06-26 18:50:40.419361,1687805440.419361,./automated_PCAP_logs_USRP/enb_mac_2.pcap,2,164,147,user_dlt udp mac-lte,"SystemInformationBlockType1",
2023-06-26 18:50:40.443687,1687805440.443687,./automated_PCAP_logs_USRP/enb_mac_2.pcap,2,165,147,user_dlt udp mac-lte,"SystemInformationBlockType1",
2023-06-26 18:50:40.467986,1687805440.467986,./automated_PCAP_logs_USRP/enb_mac_2.pcap,2,166,147,user_dlt udp mac-lte,"SystemInformationBlockType1",
2023-06-26 18:50:40.492522,1687805440.492522,./automated_PCAP_logs_USRP/enb_mac_2.pcap,2,167,147,user_dlt udp mac-lte,"SystemInformationBlockType1",
2023-06-26 18:50:40.516651,1687805440.516651,./automated_PCAP_logs_USRP/enb_mac_2.pcap,2,168,147,user_dlt udp mac-lte,"SystemInformationBlockType1",
2023-06-26 18:50:40.540604,1687805440.540604,./automated_PCAP_logs_USRP/enb_mac_2.pcap,2,169,147,user_dlt udp mac-lte,"SystemInformationBlockType1",
2023-06-26 18:50:40.545466,1687805440.545466,./automated_PCAP_logs_USRP/enb_mac_2.pcap,2,170,75,user_dlt udp mac-lte,"SystemInformation [ SIB2 SIB3 ]",
2023-06-26 18:50:40.557583,1687805440.557583,./automated_PCAP_logs_USRP/enb_mac_2.pcap,2,171,75,user_dlt udp mac-lte,"SystemInformation [ SIB2 SIB3 ]",
2023-06-26 18:50:40.564929,1687805440.564929,./automated_PCAP_logs_USRP/enb_mac_2.pcap,2,172,147,user_dlt udp mac-lte,"SystemInformationBlockType1",
2023-06-26 18:50:40.589692,1687805440.589692,./automated_PCAP_logs_USRP/enb_mac_2.pcap,2,173,147,user_dlt udp mac-lte,"SystemInformationBlockType1",
2023-06-26 18:50:40.613917,1687805440.613917,./automated_PCAP_logs_USRP/enb_mac_2.pcap,2,174,147,user_dlt udp mac-lte,"SystemInformationBlockType1",
2023-06-26 18:50:40.638153,1687805440.638153,./automated_PCAP_logs_USRP/enb_mac_2.pcap,2,175,147,user_dlt udp mac-lte,"SystemInformationBlockType1",
2023-06-26 18:50:40.662842,1687805440.662842,./automated_PCAP_logs_USRP/enb_mac_2.pcap,2,176,147,user_dlt udp mac-lte,"SystemInformationBlockType1",
2023-06-26 18:50:40.688061,1687805440.688061,./automated_PCAP_logs_USRP/enb_mac_2.pcap,2,177,147,user_dlt udp mac-lte,"SystemInformationBlockType1",
2023-06-26 18:50:40.712756,1687805440.712756,./automated_PCAP_logs_USRP/enb_mac_2.pcap,2,178,147,user_dlt udp mac-lte,"SystemInformationBlockType1",
2023-06-26 18:50:40.736550,1687805440.73655,./automated_PCAP_logs_USRP/enb_mac_2.pcap,2,179,147,user_dlt udp mac-lte,"SystemInformationBlockType1",
2023-06-26 18:50:40.741449,1687805440.741449,./automated_PCAP_logs_USRP/enb_mac_2.pcap,2,180,75,user_dlt udp mac-lte,"SystemInformation [ SIB2 SIB3 ]",
2023-06-26 18:50:40.753783,1687805440.753783,./automated_PCAP_logs_USRP/enb_mac_2.pcap,2,181,75,user_dlt udp mac-lte,"SystemInformation [ SIB2 SIB3 ]",
2023-06-26 18:50:40.760658,1687805440.760658,./automated_PCAP_logs_USRP/enb_mac_2.pcap,2,182,147,user_dlt udp mac-lte,"SystemInformationBlockType1",
2023-06-26 18:50:40.784517,1687805440.784517,./automated_PCAP_logs_USRP/enb_mac_2.pcap,2,183,147,user_dlt udp mac-lte,"SystemInformationBlockType1",
2023-06-26 18:50:40.809019,1687805440.809019,./automated_PCAP_logs_USRP/enb_mac_2.pcap,2,184,147,user_dlt udp mac-lte,"SystemInformationBlockType1",
2023-06-26 18:50:40.833273,1687805440.833273,./automated_PCAP_logs_USRP/enb_mac_2.pcap,2,185,147,user_dlt udp mac-lte,"SystemInformationBlockType1",
2023-06-26 18:50:40.857248,1687805440.857248,./automated_PCAP_logs_USRP/enb_mac_2.pcap,2,186,147,user_dlt udp mac-lte,"SystemInformationBlockType1",
2023-06-26 18:50:40.881493,1687805440.881493,./automated_PCAP_logs_USRP/enb_mac_2.pcap,2,187,147,user_dlt udp mac-lte,"SystemInformationBlockType1",
2023-06-26 18:50:40.904475,1687805440.904475,./automated_PCAP_logs_USRP/enb_mac_2.pcap,2,188,147,user_dlt udp mac-lte,"SystemInformationBlockType1",
2023-06-26 18:50:40.928261,1687805440.928261,./automated_PCAP_logs_USRP/enb_mac_2.pcap,2,189,147,user_dlt udp mac-lte,"SystemInformationBlockType1",
2023-06-26 18:50:40.932938,1687805440.932938,./automated_PCAP_logs_USRP/enb_mac_2.pcap,2,190,75,user_dlt udp mac-lte,"SystemInformation [ SIB2 SIB3 ]",
2023-06-26 18:50:40.944673,1687805440.944673,./automated_PCAP_logs_USRP/enb_mac_2.pcap,2,191,75,user_dlt udp mac-lte,"SystemInformation [ SIB2 SIB3 ]",
2023-06-26 18:50:40.951679,1687805440.951679,./automated_PCAP_logs_USRP/enb_mac_2.pcap,2,192,147,user_dlt udp mac-lte,"SystemInformationBlockType1",
2023-06-26 18:50:40.974895,1687805440.974895,./automated_PCAP_logs_USRP/enb_mac_2.pcap,2,193,147,user_dlt udp mac-lte,"SystemInformationBlockType1",
2023-06-26 18:50:40.998124,1687805440.998124,./automated_PCAP_logs_USRP/enb_mac_2.pcap,2,194,147,user_dlt udp mac-lte,"SystemInformationBlockType1",
2023-06-26 18:50:41.021371,1687805441.021371,./automated_PCAP_logs_USRP/enb_mac_2.pcap,2,195,147,user_dlt udp mac-lte,"SystemInformationBlockType1",
2023-06-26 18:50:41.044873,1687805441.044873,./automated_PCAP_logs_USRP/enb_mac_2.pcap,2,196,147,user_dlt udp mac-lte,"SystemInformationBlockType1",
2023-06-26 18:50:41.069065,1687805441.069065,./automated_PCAP_logs_USRP/enb_mac_2.pcap,2,197,147,user_dlt udp mac-lte,"SystemInformationBlockType1",
2023-06-26 18:50:41.093243,1687805441.093243,./automated_PCAP_logs_USRP/enb_mac_2.pcap,2,198,147,user_dlt udp mac-lte,"SystemInformationBlockType1",
2023-06-26 18:50:41.118593,1687805441.118593,./automated_PCAP_logs_USRP/enb_mac_2.pcap,2,199,147,user_dlt udp mac-lte,"SystemInformationBlockType1",
2023-06-26 18:50:41.123449,1687805441.123449,./automated_PCAP_logs_USRP/enb_mac_2.pcap,2,200,75,user_dlt udp mac-lte,"SystemInformation [ SIB2 SIB3 ]",
2023-06-26 18:50:41.135849,1687805441.135849,./automated_PCAP_logs_USRP/enb_mac_2.pcap,2,201,75,user_dlt udp mac-lte,"SystemInformation [ SIB2 SIB3 ]",
2023-06-26 18:50:41.143338,1687805441.143338,./automated_PCAP_logs_USRP/enb_mac_2.pcap,2,202,147,user_dlt udp mac-lte,"SystemInformationBlockType1",
2023-06-26 18:50:41.168221,1687805441.168221,./automated_PCAP_logs_USRP/enb_mac_2.pcap,2,203,147,user_dlt udp mac-lte,"SystemInformationBlockType1",
2023-06-26 18:50:41.192243,1687805441.192243,./automated_PCAP_logs_USRP/enb_mac_2.pcap,2,204,147,user_dlt udp mac-lte,"SystemInformationBlockType1",
2023-06-26 18:50:41.215700,1687805441.2157,./automated_PCAP_logs_USRP/enb_mac_2.pcap,2,205,147,user_dlt udp mac-lte,"SystemInformationBlockType1",
2023-06-26 18:50:41.239019,1687805441.239019,./automated_PCAP_logs_USRP/enb_mac_2.pcap,2,206,147,user_dlt udp mac-lte,"SystemInformationBlockType1",
2023-06-26 18:50:41.262830,1687805441.26283,./automated_PCAP_logs_USRP/enb_mac_2.pcap,2,207,147,user_dlt udp mac-lte,"SystemInformationBlockType1",
